{
    "Logistic Regression": {
        "auc": 0.9368151632540122,
        "accuracy": 0.8605947955390335,
        "f1": 0.8598130841121495,
        "precision": 0.8949416342412452,
        "recall": 0.8273381294964028
    },
    "Random Forest": {
        "auc": 0.9223713337022689,
        "accuracy": 0.8568773234200744,
        "f1": 0.8617594254937163,
        "precision": 0.8602150537634409,
        "recall": 0.8633093525179856
    },
    "MLP": {
        "auc": 0.5294964028776978,
        "accuracy": 0.49814126394052044,
        "f1": 0.509090909090909,
        "precision": 0.5147058823529411,
        "recall": 0.5035971223021583
    },
    "Ensemble": {
        "auc": 0.9076092971776425,
        "accuracy": 0.828996282527881,
        "f1": 0.8315018315018315,
        "precision": 0.8470149253731343,
        "recall": 0.8165467625899281
    }
}