{
    "CNN_Model": {
        "mse": 0.07725559624769747,
        "r2": 0.5693991301981534,
        "pearson_corr": 0.7597726214396793
    }
}